{
    "$schema": "https://schema.management.azure.com/schemas/2015-01-01/deploymentParameters.json#",
    "contentVersion": "1.0.0.0",
    "parameters": {
        "virtualMachines_PVR_WebVM1_name": {
            "value": null
        },
        "virtualMachines_PVR_Database1_name": {
            "value": null
        },
        "networkInterfaces_pvr_webvm1667_name": {
            "value": null
        },
        "publicIPAddresses_PVR_WebVM1_ip_name": {
            "value": null
        },
        "virtualNetworks_PVR_VNet_EastUs_name": {
            "value": null
        },
        "networkInterfaces_pvr_database152_name": {
            "value": null
        },
        "publicIPAddresses_PVR_Database1_ip_name": {
            "value": null
        },
        "networkSecurityGroups_PVR_BackEnd_NSG_name": {
            "value": null
        },
        "networkSecurityGroups_PVR_FrontEnd_NSG_name": {
            "value": null
        },
        "schedules_shutdown_computevm_pvr_webvm1_name": {
            "value": null
        },
        "schedules_shutdown_computevm_pvr_database1_name": {
            "value": null
        }
    }
}